Group,Avg Time to Conversion
Test,5.479015920151777
Control,5.646791524519019
No Participation,5.583549125979506
