,Group Test,Group Control,Group No Participation
Error Rate,0.6840881823635273,0.6010003847633705,0.6497792937399679
