Rate,Group Test,Group Control,Group No Participation
Error Rate,0.6840881823635273,0.6010003847633705,0.6497792937399679
Recovery Rate,0.9812013592020169,0.9733247972684592,0.9796973907673305
